{
	"ImportPath": "github.com/deviceMP/api-server",
	"GoVersion": "go1.6",
	"GodepVersion": "v74",
	"Packages": [
		"./..."
	],
	"Deps": [
		{
			"ImportPath": "github.com/go-sql-driver/mysql",
			"Comment": "v1.2-198-g0b58b37",
			"Rev": "0b58b37b664c21f3010e836f1b931e1d0b0b0685"
		},
		{
			"ImportPath": "github.com/gorilla/context",
			"Comment": "v1.1-7-g08b5f42",
			"Rev": "08b5f424b9271eedf6f9f0ce86cb9396ed337a42"
		},
		{
			"ImportPath": "github.com/gorilla/mux",
			"Comment": "v1.1-25-g0a192a1",
			"Rev": "0a192a193177452756c362c20087ddafcf6829c4"
		},
		{
			"ImportPath": "github.com/jinzhu/gorm",
			"Comment": "v1.0-69-g041cd3d",
			"Rev": "041cd3dd31a68a3e9ad20fcddb46085df5aebc76"
		},
		{
			"ImportPath": "github.com/jinzhu/gorm/dialects/mysql",
			"Comment": "v1.0-69-g041cd3d",
			"Rev": "041cd3dd31a68a3e9ad20fcddb46085df5aebc76"
		},
		{
			"ImportPath": "github.com/jinzhu/inflection",
			"Rev": "74387dc39a75e970e7a3ae6a3386b5bd2e5c5cff"
		},
		{
			"ImportPath": "github.com/satori/go.uuid",
			"Comment": "v1.1.0-1-g0aa62d5",
			"Rev": "0aa62d5ddceb50dbcb909d790b5345affd3669b6"
		}
	]
}
